key,summary,issueType,status,priority,assignee,reporter,labels,resolution,storyPoints,created,updated,resolutionDate
CX-2525,Browser compatibility issue: SSO buttons remain in loading state when navigating back during authentication in Firefox,Bug,Done,Medium,rameshpr,Srilakshmi Sivan,,Done,8,2026-01-09T12:21:26.231+0530,2026-06-15T15:11:27.216+0530,2026-06-15T15:11:27.197+0530
CX-2734,System Breaks on Edit After Completing Pending Insurance Upload,Bug,Done,Medium,Shini,Shini,PropertyInsurance,Done,,2026-02-05T00:22:05.930+0530,2026-06-18T10:52:57.421+0530,2026-06-18T10:52:57.397+0530
CX-2983,Property Bulk CSV upload,Story,Done,Medium,Heather Moore,Nisha C N,,Done,8,2026-03-13T19:26:59.858+0530,2026-05-18T10:34:58.783+0530,2026-05-18T10:34:58.764+0530
CX-3146,Vendor Compliance workflow for Sole Proprietor company type,Story,Done,Medium,Varun Wilson,Nisha C N,,Done,8,2026-04-09T10:16:38.691+0530,2026-06-15T19:35:10.990+0530,2026-06-15T19:35:10.966+0530
CX-3159,Unable to Delete Contract Template from Client Account,Bug,Done,Medium,Vysakh R J,Shini,ESign,Done,,2026-04-11T00:58:32.785+0530,2026-05-18T11:28:53.368+0530,2026-05-18T11:28:53.345+0530
CX-3162,[TRELLO] Updated email Notification Templates & Removal of Global Footer - HOT FIX,Task,Done,Medium,Nisha C N,Shini,TrelloTickets,Done,13,2026-04-16T10:55:53.176+0530,2026-06-16T10:46:39.283+0530,2026-06-16T10:46:39.263+0530
CX-3163,[TRELLO] Uploaded contracts are being mapped to Inactive Service categories -HOT FIX,Bug,Done,Medium,Srilakshmi Sivan,Shini,ContractManagement; HotFix; TrelloTickets,Done,,2026-04-16T11:05:45.279+0530,2026-05-18T15:30:09.719+0530,2026-05-18T15:30:09.694+0530
CX-3167,Premium field in exported report should display “- / Nil” when no value is available,Task,Done,Medium,Varun Wilson,Shini,PropertyInsurance,Done,,2026-04-16T13:02:29.358+0530,2026-05-18T11:16:48.405+0530,2026-05-18T11:16:48.382+0530
CX-3169,Email Template change : Header and Footer change  in onboarding a client/connexus/vendor user,Story,Done,Medium,Rakhesh J,Nisha C N,,Done,13,2026-04-17T12:10:30.518+0530,2026-05-18T15:21:35.337+0530,2026-05-18T15:21:35.312+0530
CX-3181,"[TRELLO] Legacy ""Generate Contract"" flow appearing for ""In Contract"" RFPs",Task,Done,Medium,Varun Wilson,Shini,TrelloTickets,Done,,2026-04-20T12:51:09.604+0530,2026-05-18T11:26:00.446+0530,2026-05-18T11:26:00.424+0530
CX-3219,Address field marked mandatory but missing (*) indicator,Bug,Done,Medium,Varun Wilson,Shini,VENDOR,Done,,2026-04-24T15:01:08.416+0530,2026-05-18T11:49:43.364+0530,2026-05-18T11:49:43.342+0530
CX-3252,Enhance contract expiration email notifications to include non-corporate property contacts,Task,Done,Medium,Vysakh R J,Srilakshmi Sivan,EmailTemplateChange,Done,,2026-04-30T11:57:42.930+0530,2026-05-18T12:42:54.060+0530,2026-05-18T12:42:54.035+0530
CX-3254,Start Date and End Date filters not working correctly in MSA module,Bug,Done,Medium,Varun Wilson,Srilakshmi Sivan,MSATab,Done,,2026-04-30T13:37:14.643+0530,2026-07-02T18:40:56.437+0530,2026-07-02T18:40:56.419+0530
CX-3274,Add Sorting for “Number of Rows” Column – File Uploads Page,Task,Done,Medium,ajay.dev,Shini,PropertyListBulkUpload,Done,,2026-05-05T12:53:42.419+0530,2026-05-20T17:47:21.727+0530,2026-05-18T09:47:52.927+0530
CX-3287,Update Email Preview UI in “Send RFP to Vendors” page to latest design,Task,Done,Medium,Rakhesh J,Srilakshmi Sivan,EmailTemplateChange,Done,,2026-05-06T17:04:41.861+0530,2026-05-18T12:45:41.014+0530,2026-05-18T12:45:40.984+0530
CX-3303,Update Header and Footer Design for “RFP Due Date Passed” Email Template,Task,Done,Medium,Rakhesh J,Srilakshmi Sivan,EmailTemplateChange,Done,,2026-05-11T12:28:56.889+0530,2026-05-18T12:48:53.672+0530,2026-05-18T12:48:53.656+0530
CX-3304,"RFP Updation mail not received when updating fields other than RFP Name, Attachments, Description, or Extended Due Date",Bug,Done,Medium,ajay.dev,Shini,EmailTemplateChange; RFP,Done,,2026-05-11T18:50:33.915+0530,2026-05-18T12:53:48.198+0530,2026-05-18T12:53:48.175+0530
CX-3319,[TRELLO] RFP Email buttons lose styling/formatting when forwarded,Bug,Done,Medium,ajay.dev,Shini,TrelloTickets,Done,,2026-05-13T12:33:32.709+0530,2026-06-11T18:47:48.366+0530,2026-06-11T18:47:48.344+0530
CX-3321,"[TRELLO] Set Start/End Dates as optional and support ""N/A"" for MSA contracts",Task,Done,Medium,Varun Wilson,Shini,TrelloTickets,Done,1,2026-05-13T12:46:00.260+0530,2026-06-09T21:27:50.031+0530,2026-06-09T21:27:50.006+0530
CX-3350,Change the password reset email text from 24hours to one hour as the current expiry is set to one hour in cognito,Story,Done,Medium,Vysakh R J,Nisha C N,,Done,,2026-05-18T11:42:23.905+0530,2026-05-19T13:01:12.308+0530,2026-05-19T13:01:12.285+0530
CX-3351,Add health check endpoints to sow-rfq and esign api,Story,Done,Medium,Varun Wilson,Basim E,,Done,,2026-05-18T12:02:50.005+0530,2026-05-21T10:40:21.062+0530,2026-05-21T10:40:21.045+0530
CX-3352,Automated email reminders are not being sent for pending E-Sign documents,Task,Done,Medium,Srilakshmi Sivan,Shini,TrelloTickets,Done,,2026-05-18T19:29:09.551+0530,2026-06-16T10:54:03.883+0530,2026-06-16T10:54:03.860+0530
CX-3353,Vendor Required License & Verified Status Inline Edit via Connexus user ,Story,Done,Medium,Varun Wilson,Nisha C N,,Done,,2026-05-18T19:44:24.535+0530,2026-07-01T13:49:33.463+0530,2026-07-01T13:49:33.441+0530
CX-3375,Remove OTEL matrices collection for dev test and stage,Story,Done,Medium,Vysakh R J,Basim E,,Done,,2026-05-21T12:09:46.450+0530,2026-06-16T10:44:23.374+0530,2026-06-16T10:44:23.350+0530
CX-3376,New Staging Infra dev side additional work,Story,Done,Medium,Vysakh R J,Basim E,,Done,,2026-05-22T09:38:11.318+0530,2026-06-30T10:37:46.948+0530,2026-06-30T10:37:46.924+0530
CX-3382,"[TRELLO] Accepted RFP position drops to middle/bottom after clicking ""Accept"" on multi-property lists",Task,Done,Medium,ajay.dev,Shini,RFP; TrelloTickets,Done,,2026-05-25T12:01:48.721+0530,2026-06-15T19:03:53.464+0530,2026-06-15T19:03:53.435+0530
CX-3385,"Vendor Invite & Confirm Vendor Details Forms - Legal Name, Website, and Services Fields Are Not Auto-Populated",Bug,Done,Medium,Vysakh R J,Shini,VendorInvite,Done,,2026-05-25T16:27:38.069+0530,2026-06-03T19:27:19.687+0530,2026-06-03T19:27:19.666+0530
CX-3386,Coverage States Field Should Be Hidden in Invite Vendor Form,Bug,Done,Medium,Vysakh R J,Shini,VendotInvite,Done,,2026-05-25T16:42:30.694+0530,2026-05-29T11:07:05.453+0530,2026-05-29T11:07:05.429+0530
CX-3387,Child Workspace Displays Parent Client Vendors Instead of Child Vendors while workspace switching,Bug,Done,Medium,Vysakh R J,Srilakshmi Sivan,VendorRegistration,Done,,2026-05-25T16:49:58.672+0530,2026-06-11T19:18:25.613+0530,2026-06-11T19:18:25.591+0530
CX-3388,Duplicate Vendor Entry Created When Inviting Existing Current Vendor for ConnexUs Verify,Bug,Done,Medium,rameshpr,Shini,VendotInvite,Done,,2026-05-25T16:59:09.661+0530,2026-05-29T11:13:19.669+0530,2026-05-29T11:13:19.661+0530
CX-3389,Preferred Vendors Not Displayed in Client Vendor Module,Bug,Done,Medium,Vysakh R J,Srilakshmi Sivan,VendorRegistration,Done,,2026-05-25T17:08:39.329+0530,2026-06-01T12:59:27.192+0530,2026-06-01T12:59:27.167+0530
CX-3390,Existing Vendor Listing Does Not Display Website and ZIP Code,Bug,Done,Medium,rameshpr,Srilakshmi Sivan,VendorRegistration,Done,,2026-05-25T17:17:43.289+0530,2026-06-01T13:44:10.196+0530,2026-06-01T13:44:10.170+0530
CX-3391,Sort Option Missing for Service and States Serviced Columns in Vendors Listing Page,Bug,Done,Medium,Shini,Shini,VendotInvite,Done,,2026-05-25T17:38:41.358+0530,2026-05-27T12:41:09.860+0530,2026-05-27T11:13:06.233+0530
CX-3392,Existing Vendor Invite – “Company Legal Name” editable and “Website” not auto-populating,Bug,Done,Medium,rameshpr,Srilakshmi Sivan,VendorRegistration,Done,,2026-05-25T18:06:35.730+0530,2026-06-03T17:18:26.905+0530,2026-06-03T17:18:26.883+0530
CX-3393,Inactive services are displayed in the Vendor Invite service dropdown,Bug,Done,Medium,rameshpr,Srilakshmi Sivan,VendorRegistration,Done,,2026-05-25T18:11:18.326+0530,2026-06-01T13:52:02.833+0530,2026-06-01T13:52:02.809+0530
CX-3394,Invite Vendor Form – Service Field Label & Multi-select Behavior,Bug,Done,Medium,Vysakh R J,Srilakshmi Sivan,VendorRegistration,Done,,2026-05-25T18:28:59.966+0530,2026-06-01T13:42:09.124+0530,2026-06-01T13:42:09.101+0530
CX-3405,Vendor Search Field Not Functioning in Client Module,Bug,Done,Medium,Vysakh R J,Srilakshmi Sivan,VendorRegistration,Done,,2026-05-27T10:29:17.007+0530,2026-06-03T17:46:09.424+0530,2026-06-03T17:46:09.401+0530
CX-3406,Search functionality not working in Vendor Listing page,Bug,Done,Medium,Vysakh R J,Shini,VendotInvite,Done,,2026-05-27T10:57:39.484+0530,2026-06-03T23:04:22.842+0530,2026-06-03T23:04:22.822+0530
CX-3407,Unable to continue with “Non-Sole Proprietor” company type,Bug,Done,Medium,Rakhesh J,Shini,VendotInvite,Done,,2026-05-27T11:14:52.584+0530,2026-06-01T14:26:54.227+0530,2026-06-01T14:26:54.204+0530
CX-3408,Add validation for Date of Birth field in Vendor Details form,Task,Done,Medium,Rakhesh J,Shini,VendotInvite,Done,,2026-05-27T11:46:07.646+0530,2026-06-08T12:55:15.886+0530,2026-06-08T12:55:15.867+0530
CX-3409,"Vendor Listing Displays Unmapped Vendors Not Present Under Current, Preferred, or Draft Vendors",Bug,Done,Medium,Vysakh R J,Srilakshmi Sivan,VendorRegistration,Done,,2026-05-27T14:17:51.978+0530,2026-06-11T19:36:43.034+0530,2026-06-11T19:36:43.005+0530
CX-3410,Required field validation missing for Company Legal Name and Phone Number in Vendor Invite form,Bug,Done,Medium,rameshpr,Shini,VendotInvite,Done,,2026-05-27T17:42:13.502+0530,2026-06-01T12:52:44.950+0530,2026-06-01T12:52:44.927+0530
CX-3411,"“Vendor Details” & ""Service Details"" Heading Not Displayed in Invite Vendor Page",Bug,Done,Medium,rameshpr,Srilakshmi Sivan,VendorRegistration,Done,,2026-05-27T17:55:34.367+0530,2026-06-01T13:53:37.352+0530,2026-06-01T13:53:37.327+0530
CX-3412,No “No match found” message displayed when vendor search returns no results,Bug,Done,Medium,rameshpr,Shini,VendotInvite,Done,,2026-05-27T18:04:35.144+0530,2026-06-01T13:02:35.882+0530,2026-06-01T13:02:35.859+0530
CX-3413,States Serviced Column Displays Empty for Invited Existing Vendors,Bug,Done,Medium,Vysakh R J,Srilakshmi Sivan,VendorRegistration,Done,,2026-05-27T18:15:09.723+0530,2026-06-15T15:15:50.692+0530,2026-06-15T15:15:50.667+0530
CX-3417,Auto-populated Website field are editable in Invite Vendor workflow,Bug,Done,Medium,rameshpr,Srilakshmi Sivan,VendorRegistration,Done,,2026-05-27T18:47:32.417+0530,2026-06-03T18:00:31.825+0530,2026-06-03T18:00:31.806+0530
CX-3418,Email ID should be bold in vendor invitation success popup as per Figma,Bug,Done,Medium,rameshpr,Srilakshmi Sivan,VendorRegistration,Done,,2026-05-27T18:53:30.073+0530,2026-06-01T14:13:35.762+0530,2026-06-01T14:13:35.739+0530
CX-3419,Vendor Invite flow shows child account properties in property selection dropdown,Bug,Done,Medium,Vysakh R J,Srilakshmi Sivan,VendorRegistration,Done,,2026-05-27T19:07:09.078+0530,2026-06-03T18:23:53.948+0530,2026-06-03T18:23:53.925+0530
CX-3420,"Incorrect Subject, Missing KYB Content, and Footer Mismatch in Vendor Invitation Email",Bug,Done,Medium,Rakhesh J,Srilakshmi Sivan,VendorRegistration,Done,,2026-05-27T19:21:31.697+0530,2026-06-10T14:55:14.740+0530,2026-06-10T14:55:14.711+0530
CX-3421,“Invite” button is enabled before completing all required fields,Bug,Done,Medium,rameshpr,Shini,VendotInvite,Done,,2026-05-27T20:29:04.015+0530,2026-06-01T12:49:48.728+0530,2026-06-01T12:49:48.702+0530
CX-3422,“Services Requiring Insurance” field is not auto-populating selected services in Confirm Vendor Details page,Bug,Done,Medium,Rakhesh J,Shini,VendotInvite,Done,,2026-05-27T20:38:48.587+0530,2026-06-01T17:50:01.216+0530,2026-06-01T17:50:01.198+0530
CX-3424,Incorrect vendor status displayed after sending invitation,Bug,Done,Medium,rameshpr,Shini,VendotInvite,Done,,2026-05-27T20:56:54.961+0530,2026-06-03T23:21:05.353+0530,2026-06-03T23:21:05.328+0530
CX-3428,Preferred Vendors Added for Newly Created Client Not Reflected in Client Vendor Module,Bug,Done,Medium,Vysakh R J,Srilakshmi Sivan,VendorRegistration,Done,,2026-05-29T10:18:56.100+0530,2026-06-11T19:20:26.443+0530,2026-06-11T19:20:26.419+0530
CX-3429,Phone Number Field Allows More Than 10 Digits in Vendor Invite Flow even though validation is present,Bug,Done,Medium,rameshpr,Srilakshmi Sivan,VendorRegistration,Done,,2026-05-29T10:59:55.907+0530,2026-06-01T14:15:03.085+0530,2026-06-01T14:15:03.066+0530
CX-3430,Resent Invitation Link Displays Non-User-Friendly Error Message for Previous Invite Link,Bug,Done,Medium,ajay.dev,Srilakshmi Sivan,VendorRegistration,Done,,2026-05-29T11:15:26.170+0530,2026-06-15T18:28:35.019+0530,2026-06-15T18:28:34.991+0530
CX-3431,Phone number added through Vendor Invite shows undefined in the Vendor Profile contact list.,Bug,Done,Medium,Rakhesh J,Shini,VendotInvite,Done,,2026-05-29T11:37:33.955+0530,2026-06-15T09:25:09.545+0530,2026-06-15T09:25:09.516+0530
CX-3432,KYB Verification option should be hidden if the vendor is not yet invited.,Bug,Done,Medium,rameshpr,Shini,VendotInvite,Done,,2026-05-29T11:42:52.244+0530,2026-06-03T22:55:39.619+0530,2026-06-03T22:55:39.598+0530
CX-3433,UI Inconsistency in Vendor Registration Form -Consent Form– Informative Box Missing,Bug,Done,Medium,Rakhesh J,Srilakshmi Sivan,VendorRegistration,Done,,2026-05-29T12:16:56.340+0530,2026-06-15T19:08:43.375+0530,2026-06-15T19:08:43.353+0530
CX-3434,Services dropdown should display options in alphabetical order.,Bug,Done,Medium,rameshpr,Shini,VendotInvite,Done,,2026-05-29T12:49:16.990+0530,2026-06-01T12:56:31.849+0530,2026-06-01T12:56:31.820+0530
CX-3435,Deactivated Vendors Displayed in Vendor Invite Flow,Bug,Done,Medium,rameshpr,Srilakshmi Sivan,VendorRegistration,Done,,2026-05-29T14:26:22.483+0530,2026-06-08T13:51:26.605+0530,2026-06-08T13:51:26.579+0530
CX-3437,States in the States Serviced Column Not Displayed Correctly When Property Level Coverage is Set to “No”,Bug,Done,Medium,Vysakh R J,Srilakshmi Sivan,VendorRegistration,Done,,2026-05-29T15:02:37.005+0530,2026-06-08T11:57:12.689+0530,2026-06-08T11:57:12.666+0530
CX-3438,System Allows Selection of Already Invited Vendor from Existing Vendor List,Bug,Done,Medium,rameshpr,Srilakshmi Sivan,VendorRegistration,Done,,2026-05-29T15:09:40.014+0530,2026-06-12T14:18:59.096+0530,2026-06-12T14:18:59.074+0530
CX-3439,Vendor Status Management and Action Handling,Task,Done,Medium,rameshpr,Shini,VendotInvite,Done,,2026-05-29T16:17:12.184+0530,2026-06-08T13:20:09.217+0530,2026-06-08T13:20:09.191+0530
CX-3442,"""Invite to Connexus Verify"" Option Not Available for Non-Admin Client Users",Bug,Done,Medium,rameshpr,Srilakshmi Sivan,VendorRegistration,Done,,2026-06-01T13:18:44.608+0530,2026-06-08T11:30:17.688+0530,2026-06-08T11:30:17.667+0530
CX-3456,Unable to continue from Retry option ,Bug,Done,Medium,Vysakh R J,Shini,VendotInvite,Done,,2026-06-01T17:20:48.924+0530,2026-06-03T19:54:55.816+0530,2026-06-03T19:54:55.798+0530
CX-3459,KYB-Verification Page Ui ,Task,Done,Medium,Rakhesh J,Rakhesh J,,Done,,2026-06-02T13:15:40.842+0530,2026-06-15T10:42:05.755+0530,2026-06-15T10:42:05.738+0530
CX-3460,KYB-Verification page api integartion,Task,Done,Medium,Rakhesh J,Rakhesh J,,Done,,2026-06-02T13:17:42.126+0530,2026-06-15T10:42:15.488+0530,2026-06-15T10:42:15.465+0530
CX-3462,Vendor Legal Name is not being validated when sending an invitation for a new vendor using an existing Vendor Legal Name,Bug,Done,Medium,Varun Wilson,Shini,VendotInvite,Done,,2026-06-02T14:54:46.509+0530,2026-06-03T19:35:01.467+0530,2026-06-03T19:35:01.443+0530
CX-3463,ThrottlerException Prevents Complete Data Loading in Vendor Invite Flow,Bug,Done,Medium,Basim E,Srilakshmi Sivan,VendorRegistration,Done,,2026-06-02T15:10:42.387+0530,2026-06-15T10:44:43.500+0530,2026-06-15T10:44:43.477+0530
CX-3466,RFP Notification Emails Failing to Send,Bug,Done,Medium,Vysakh R J,Srilakshmi Sivan,RFP,Done,,2026-06-03T17:21:05.937+0530,2026-06-08T11:26:27.127+0530,2026-06-08T11:26:27.101+0530
CX-3467,Property Search Takes Excessive Time to Return Results for Clients with Large Property Lists,Bug,Done,Medium,Rakhesh J,Srilakshmi Sivan,VendorRegistration,Done,,2026-06-03T18:29:21.928+0530,2026-06-15T19:11:59.254+0530,2026-06-15T19:11:59.236+0530
CX-3468,Verification page is unavailable after resending the invitation and completing the payment process,Bug,Done,Medium,Rakhesh J,Shini,VendotInvite,Done,,2026-06-03T22:34:20.730+0530,2026-06-08T15:34:10.868+0530,2026-06-08T15:34:10.846+0530
CX-3470,Property insurance client Id addition,Task,Done,Medium,Varun Wilson,Nisha C N,,Done,,2026-06-04T12:26:01.315+0530,2026-06-05T10:37:32.569+0530,2026-06-05T10:37:32.544+0530
CX-3472,vendor confirm and vendor verification pages mobile compatibility ,Task,Done,Medium,Rakhesh J,Rakhesh J,,Done,,2026-06-08T10:19:57.248+0530,2026-06-15T10:42:27.112+0530,2026-06-15T10:42:27.096+0530
CX-3474,Phone Extension (EXT) field is missing in the Invite Vendor form,Bug,Done,Medium,Vysakh R J,Shini,VendotInvite,Done,,2026-06-08T16:24:15.059+0530,2026-06-15T09:25:51.380+0530,2026-06-15T09:25:51.352+0530
CX-3475,"""I Have a Valid Website"" Checkbox Is Not Selected by Default during vendor registration",Bug,Done,Medium,Rakhesh J,Srilakshmi Sivan,VendorRegistration,Done,,2026-06-08T16:36:54.260+0530,2026-06-09T10:25:59.793+0530,2026-06-09T10:25:59.762+0530
CX-3476,Retry Screen Allows Editing of primary contact details,Bug,Done,Medium,Rakhesh J,Srilakshmi Sivan,VendorRegistration,Done,,2026-06-08T17:33:08.853+0530,2026-06-10T14:37:05.813+0530,2026-06-10T14:37:05.790+0530
CX-3477,System Allows More Than Three Verification Retry Attempts for Other Company Vendors,Bug,Done,Medium,ajay.dev,Srilakshmi Sivan,VendorRegistration,Done,,2026-06-08T17:39:39.465+0530,2026-06-09T12:47:28.314+0530,2026-06-09T12:47:28.288+0530
CX-3478,Vendor Contact Becomes Active Without Authorization After Vendor Detail Confirmation via Invitation,Bug,Done,Medium,Vysakh R J,Shini,VendotInvite,Done,,2026-06-09T11:14:05.278+0530,2026-06-15T09:24:30.506+0530,2026-06-15T09:24:30.487+0530
CX-3479,Display Exhausted Retry Attempts Message After Maximum Verification Retries Are Reached,Task,Done,Medium,Rakhesh J,Srilakshmi Sivan,VendorRegistration,Done,,2026-06-09T12:35:36.287+0530,2026-06-15T18:47:11.792+0530,2026-06-15T18:47:11.771+0530
CX-3480,or Restrict Access to VendRegistration Form After Verification Retry Attempts Are Exhausted,Task,Done,Medium,Rakhesh J,Srilakshmi Sivan,VendorRegistration,Done,,2026-06-09T13:35:41.101+0530,2026-06-15T18:52:43.735+0530,2026-06-15T18:52:43.709+0530
CX-3482,Update Menu Label from 'Client Vendors' to 'Update Client Vendors',Bug,Done,Medium,rameshpr,Shini,VendorInlineEdit,Done,,2026-06-09T14:13:05.700+0530,2026-06-10T13:17:57.968+0530,2026-06-10T13:17:57.939+0530
CX-3483,User gets stuck on Payment step after network error and cannot proceed with Business Verification,Bug,Done,Medium,Varun Wilson,Srilakshmi Sivan,VendorRegistration,Done,,2026-06-09T14:16:29.661+0530,2026-06-10T14:33:19.079+0530,2026-06-10T14:33:19.054+0530
CX-3485,Unable to Invite Previously Verified Vendor from a Different Client Account,Bug,Done,Medium,Vysakh R J,Srilakshmi Sivan,VendorRegistration,Done,,2026-06-09T14:32:26.871+0530,2026-06-15T13:48:53.990+0530,2026-06-15T13:48:53.972+0530
CX-3487,"Incorrect ""Business verification failed"" error displayed after successful business verification",Bug,Done,Medium,Rakhesh J,Srilakshmi Sivan,VendorRegistration,Done,,2026-06-09T20:08:16.039+0530,2026-06-15T10:08:31.833+0530,2026-06-15T10:08:31.809+0530
CX-3488,Verification Failure Email Contains Incorrect Subject and Content,Bug,Done,Medium,ajay.dev,Srilakshmi Sivan,VendorRegistration,Done,,2026-06-09T20:14:28.113+0530,2026-06-15T18:50:52.850+0530,2026-06-15T18:50:52.830+0530
CX-3489,Payment Link Fails for Previously Invited Vendor Invited by a New Client,Bug,Done,Medium,Vysakh R J,Srilakshmi Sivan,VendorRegistration,Done,,2026-06-09T20:38:42.556+0530,2026-06-15T18:39:09.290+0530,2026-06-15T18:39:09.267+0530
CX-3490,Missing Validation Message When SSN Is Entered for a Non-Sole Proprietor Business,Bug,Done,Medium,ajay.dev,Srilakshmi Sivan,VendorRegistration,Done,,2026-06-09T20:57:35.371+0530,2026-06-15T18:31:22.368+0530,2026-06-15T18:31:22.348+0530
CX-3491,Vendor registration displays old phone number instead of updated phone number entered during vendor invitation,Bug,Done,Medium,Rakhesh J,Srilakshmi Sivan,VendorRegistration,Done,,2026-06-09T21:08:05.851+0530,2026-06-16T11:43:50.945+0530,2026-06-16T11:43:50.927+0530
CX-3495,Phone Extension Provided During Vendor Invitation Is Not Displayed in the Vendor Confirmation Details Form,Bug,Done,Medium,Rakhesh J,Shini,VendotInvite,Done,,2026-06-10T15:04:46.901+0530,2026-06-15T09:24:48.232+0530,2026-06-15T09:24:48.213+0530
CX-3496,Vendors Display States Serviced from Other Clients Despite No Properties Being Associated with the Current Client,Bug,Done,Medium,Vysakh R J,Srilakshmi Sivan,VendorRegistration,Done,,2026-06-10T15:30:22.193+0530,2026-06-15T14:08:44.611+0530,2026-06-15T14:08:44.587+0530
CX-3517,"""Invite Vendor"" Button Disappears After Page Refresh",Bug,Done,Medium,rameshpr,Srilakshmi Sivan,VendorRegistration,Done,,2026-06-11T10:15:50.023+0530,2026-06-15T12:35:34.511+0530,2026-06-15T12:35:34.494+0530
CX-3518,KYB Verification Fails for Company Legal Names Containing Special Characters,Bug,Done,Medium,ajay.dev,Srilakshmi Sivan,VendorRegistration,Done,,2026-06-11T10:24:54.860+0530,2026-06-15T10:33:53.805+0530,2026-06-15T10:33:53.782+0530
CX-3520,Services Are Not Displayed for Preferred and Current Vendors in the Vendors Table,Bug,Done,Medium,Vysakh R J,Srilakshmi Sivan,VendorRegistration,Done,,2026-06-11T11:20:25.738+0530,2026-06-17T18:15:11.132+0530,2026-06-17T10:32:36.921+0530
CX-3521,Incorrect Services Displayed for Vendors Invited by Multiple Clients,Bug,Done,Medium,Vysakh R J,Srilakshmi Sivan,VendorRegistration,Done,,2026-06-11T11:34:33.005+0530,2026-06-15T14:01:53.644+0530,2026-06-15T14:01:53.620+0530
CX-3522,Vendor invite workflow is restricted by Services permissions,Bug,Done,Medium,rameshpr,Srilakshmi Sivan,VendorRegistration,Done,,2026-06-11T13:48:40.256+0530,2026-06-16T12:33:49.947+0530,2026-06-16T12:33:49.924+0530
CX-3523,Vendor registration fails with phone extension validation error,Bug,Done,Medium,Rakhesh J,Srilakshmi Sivan,VendorRegistration,Done,,2026-06-11T19:43:10.768+0530,2026-06-15T19:14:59.605+0530,2026-06-15T19:14:59.584+0530
CX-3525,Phone EXT field does not allow updating the existing value by selecting and typing a new value,Bug,Done,Medium,Rakhesh J,Shini,VendotInvite,Done,,2026-06-15T09:35:28.662+0530,2026-06-15T18:50:24.945+0530,2026-06-15T18:50:24.923+0530
CX-3528,City field is not auto-populated when SSN Verification Retry page is opened from email link,Bug,Done,Medium,Vysakh R J,Shini,VendotInvite,Done,,2026-06-15T19:48:34.765+0530,2026-06-17T10:14:47.379+0530,2026-06-17T10:14:47.351+0530
CX-3533,Previously Verified Vendors Are Incorrectly Shown a Verification Failure Screen on Reopening the Verification Link,Bug,Done,Medium,ajay.dev,Srilakshmi Sivan,,Done,,2026-06-16T13:05:01.004+0530,2026-06-17T10:20:17.257+0530,2026-06-17T10:20:17.233+0530
